bm_brand_key,bm_brand,bm_brand_solution,bm_primary_category,bm_product_group
lancewood,Lancewood,Libstar Brands,Dairy,Perishable products
denny mushrooms,Denny Mushrooms,Libstar Brands,Fresh Mushrooms,Perishable products
millennium foods,Millennium Foods,Libstar Brands,Convenience Meals,Perishable products
finlar fine foods,Finlar Fine Foods,Libstar Brands,Value-added Meats,Perishable products
umatie,Umatie,Libstar Brands,Baby,Perishable products
rialto,Rialto,Libstar Brands,Meal ingredients,Ambient products
cape herb & spice,Cape Herb & Spice,Libstar Brands,Dry condiments,Ambient products
khoisan gourmet,Khoisan Gourmet,Libstar Brands,Dry condiments,Ambient products
cape foods,Cape Foods,Libstar Brands,Dry condiments,Ambient products
montagu foods,Montagu Foods,Libstar Brands,Snacking,Ambient products
cecil vinegar,Cecil Vinegar,Libstar Brands,Wet condiments,Ambient products
dickon hall foods,Dickon Hall Foods,Libstar Brands,Wet condiments,Ambient products
cape coastal honey,Cape Coastal Honey,Libstar Brands,Spreads,Ambient products
goldcrest,Goldcrest,Libstar Brands,Spreads,Ambient products
chamonix,Chamonix,Libstar Brands,Beverages,Ambient products
amaro foods,Amaro Foods,Libstar Brands,Baking,Ambient products
cani,Cani,Libstar Brands,Baking,Ambient products
ambassador foods,Ambassador Foods,Libstar Brands,Snacking,Ambient products
bonne maman,Bonne Maman,Principal Brands,Spreads,Ambient products
kikkoman,Kikkoman,Principal Brands,Wet condiments,Ambient products
tabasco,Tabasco,Principal Brands,Wet condiments,Ambient products
maille,Maille,Principal Brands,Wet condiments,Ambient products
retailer brands,Retailer Brands,Private label and dealer-own brands,Dairy,Perishable products
